[
 {
   "Grouping": "aroids",
   "Scientific Name": "Aglaonema spp.",
   "Common Name": "Chinese Evergreen",
   "Light Needs": 2,
   "Water Needs": 3,
   "Humidity needs": 3,
   "Expected Size": 3,
   "Edible?": "no",
   "Pet safety": "toxic",
   "Sensitive to impurities in water?": "",
   "Growth habit": "bushy, rhizome"
 },
 {
   "Grouping": "aroids",
   "Scientific Name": "Alocasia 'Polly'",
   "Common Name": "Alocasia Polly",
   "Light Needs": 2,
   "Water Needs": 3,
   "Humidity needs": 3,
   "Expected Size": 3,
   "Edible?": "no",
   "Pet safety": "toxic",
   "Sensitive to impurities in water?": "",
   "Growth habit": "upright, offsets"
 },
 {
   "Grouping": "aroids",
   "Scientific Name": "Alocasia spp.",
   "Common Name": "Elephant Ears",
   "Light Needs": 2,
   "Water Needs": 3,
   "Humidity needs": 3,
   "Expected Size": 5,
   "Edible?": "no",
   "Pet safety": "toxic",
   "Sensitive to impurities in water?": "",
   "Growth habit": "upright, offsets"
 },
 {
   "Grouping": "succulents",
   "Scientific Name": "Aloe vera",
   "Common Name": "Aloe Vera",
   "Light Needs": 3,
   "Water Needs": 1,
   "Humidity needs": 1,
   "Expected Size": 2,
   "Edible?": "yes",
   "Pet safety": "toxic",
   "Sensitive to impurities in water?": "",
   "Growth habit": "bushy, offsets"
 },
 {
   "Grouping": "aroids",
   "Scientific Name": "Anthurium spp.",
   "Common Name": "Flamingo Flower",
   "Light Needs": 2,
   "Water Needs": 3,
   "Humidity needs": 3,
   "Expected Size": 3,
   "Edible?": "no",
   "Pet safety": "toxic",
   "Sensitive to impurities in water?": "",
   "Growth habit": "bushy"
 },
 {
   "Grouping": "",
   "Scientific Name": "Aspidistra elatior",
   "Common Name": "Cast Iron Plant",
   "Light Needs": 1,
   "Water Needs": 2,
   "Humidity needs": 1,
   "Expected Size": 4,
   "Edible?": "no",
   "Pet safety": "non-toxic",
   "Sensitive to impurities in water?": "yes",
   "Growth habit": "bushy, rhizome"
 },
 {
   "Grouping": "",
   "Scientific Name": "Beaucarnea recurvata",
   "Common Name": "Ponytail Palm",
   "Light Needs": 1,
   "Water Needs": 1,
   "Humidity needs": 1,
   "Expected Size": 3,
   "Edible?": "no",
   "Pet safety": "non-toxic",
   "Sensitive to impurities in water?": "",
   "Growth habit": "upright"
 },
 {
   "Grouping": "",
   "Scientific Name": "Begonia spp.",
   "Common Name": "Rex Begonia",
   "Light Needs": 2,
   "Water Needs": 3,
   "Humidity needs": 3,
   "Expected Size": 2,
   "Edible?": "no",
   "Pet safety": "toxic",
   "Sensitive to impurities in water?": "",
   "Growth habit": "bushy, rhizome"
 },
 {
   "Grouping": "prayer plants",
   "Scientific Name": "Calathea makoyana",
   "Common Name": "Peacock Plant",
   "Light Needs": 2,
   "Water Needs": 3,
   "Humidity needs": 3,
   "Expected Size": 3,
   "Edible?": "no",
   "Pet safety": "non-toxic",
   "Sensitive to impurities in water?": "yes",
   "Growth habit": "bushy, rhizome"
 },
 {
   "Grouping": "prayer plants",
   "Scientific Name": "Calathea roseopicta 'Medallion'",
   "Common Name": "Calathea Medallion",
   "Light Needs": 2,
   "Water Needs": 3,
   "Humidity needs": 3,
   "Expected Size": 3,
   "Edible?": "no",
   "Pet safety": "non-toxic",
   "Sensitive to impurities in water?": "yes",
   "Growth habit": "bushy, rhizome"
 },
 {
   "Grouping": "palms",
   "Scientific Name": "Chamaedorea elegans",
   "Common Name": "Parlor Palm",
   "Light Needs": 1,
   "Water Needs": 1,
   "Humidity needs": 2,
   "Expected Size": 3,
   "Edible?": "no",
   "Pet safety": "non-toxic",
   "Sensitive to impurities in water?": "yes",
   "Growth habit": "upright"
 },
 {
   "Grouping": "succulents",
   "Scientific Name": "Crassula ovata",
   "Common Name": "Jade Plant",
   "Light Needs": 3,
   "Water Needs": 1,
   "Humidity needs": 1,
   "Expected Size": 4,
   "Edible?": "no",
   "Pet safety": "toxic",
   "Sensitive to impurities in water?": "",
   "Growth habit": "bushy"
 },
 {
   "Grouping": "cycads",
   "Scientific Name": "Cycas revoluta",
   "Common Name": "Sago Palm",
   "Light Needs": 3,
   "Water Needs": 1,
   "Humidity needs": 2,
   "Expected Size": 3,
   "Edible?": "no",
   "Pet safety": "toxic",
   "Sensitive to impurities in water?": "",
   "Growth habit": "bushy"
 },
 {
   "Grouping": "aroids",
   "Scientific Name": "Dieffenbachia spp.",
   "Common Name": "Dumb Cane",
   "Light Needs": 3,
   "Water Needs": 3,
   "Humidity needs": 3,
   "Expected Size": 5,
   "Edible?": "no",
   "Pet safety": "toxic",
   "Sensitive to impurities in water?": "",
   "Growth habit": "upright, offsets"
 },
 {
   "Grouping": "",
   "Scientific Name": "Dracaena fragrans",
   "Common Name": "Corn Plant",
   "Light Needs": 1,
   "Water Needs": 1,
   "Humidity needs": 2,
   "Expected Size": 5,
   "Edible?": "no",
   "Pet safety": "toxic",
   "Sensitive to impurities in water?": "yes",
   "Growth habit": "upright"
 },
 {
   "Grouping": "",
   "Scientific Name": "Dracaena reflexa var. angustifolia",
   "Common Name": "Dracaena Marginata",
   "Light Needs": 1,
   "Water Needs": 1,
   "Humidity needs": 2,
   "Expected Size": 5,
   "Edible?": "no",
   "Pet safety": "toxic",
   "Sensitive to impurities in water?": "yes",
   "Growth habit": "upright"
 },
 {
   "Grouping": "succulents",
   "Scientific Name": "Dracaena trifasciata",
   "Common Name": "Snake Plant",
   "Light Needs": 1,
   "Water Needs": 1,
   "Humidity needs": 1,
   "Expected Size": 4,
   "Edible?": "no",
   "Pet safety": "toxic",
   "Sensitive to impurities in water?": "",
   "Growth habit": "upright, offsets"
 },
 {
   "Grouping": "succulents",
   "Scientific Name": "Echeveria spp.",
   "Common Name": "Echeveria",
   "Light Needs": 3,
   "Water Needs": 1,
   "Humidity needs": 1,
   "Expected Size": 2,
   "Edible?": "no",
   "Pet safety": "non-toxic",
   "Sensitive to impurities in water?": "",
   "Growth habit": "rosette, offsets"
 },
 {
   "Grouping": "cacti",
   "Scientific Name": "Echinocactus grusonii",
   "Common Name": "Golden Barrel Cactus",
   "Light Needs": 3,
   "Water Needs": 1,
   "Humidity needs": 1,
   "Expected Size": 2,
   "Edible?": "no",
   "Pet safety": "non-toxic, sharp",
   "Sensitive to impurities in water?": "",
   "Growth habit": "bushy"
 },
 {
   "Grouping": "aroids",
   "Scientific Name": "Epipremnum aureum",
   "Common Name": "Pothos",
   "Light Needs": 1,
   "Water Needs": 2,
   "Humidity needs": 1,
   "Expected Size": 3,
   "Edible?": "no",
   "Pet safety": "toxic",
   "Sensitive to impurities in water?": "",
   "Growth habit": "vining, trailing"
 },
 {
   "Grouping": "",
   "Scientific Name": "Ficus elastica",
   "Common Name": "Indian Rubber Tree",
   "Light Needs": 3,
   "Water Needs": 3,
   "Humidity needs": 2,
   "Expected Size": 5,
   "Edible?": "no",
   "Pet safety": "toxic",
   "Sensitive to impurities in water?": "",
   "Growth habit": "upright"
 },
 {
   "Grouping": "",
   "Scientific Name": "Ficus lyrata",
   "Common Name": "Fiddle Leaf Fig",
   "Light Needs": 3,
   "Water Needs": 3,
   "Humidity needs": 2,
   "Expected Size": 5,
   "Edible?": "no",
   "Pet safety": "toxic",
   "Sensitive to impurities in water?": "",
   "Growth habit": "upright"
 },
 {
   "Grouping": "",
   "Scientific Name": "Fittonia spp.",
   "Common Name": "Nerve Plant",
   "Light Needs": 1,
   "Water Needs": 4,
   "Humidity needs": 3,
   "Expected Size": 2,
   "Edible?": "no",
   "Pet safety": "non-toxic",
   "Sensitive to impurities in water?": "",
   "Growth habit": "spreading, bushy"
 },
 {
   "Grouping": "succulents",
   "Scientific Name": "Gasteria bicolor",
   "Common Name": "Ox Tongue",
   "Light Needs": 3,
   "Water Needs": 1,
   "Humidity needs": 1,
   "Expected Size": 2,
   "Edible?": "no",
   "Pet safety": "non-toxic",
   "Sensitive to impurities in water?": "",
   "Growth habit": "upright, offsets"
 },
 {
   "Grouping": "succulents",
   "Scientific Name": "Haworthia fasciata",
   "Common Name": "Haworthia",
   "Light Needs": 3,
   "Water Needs": 1,
   "Humidity needs": 2,
   "Expected Size": 2,
   "Edible?": "no",
   "Pet safety": "non-toxic",
   "Sensitive to impurities in water?": "",
   "Growth habit": "bushy, offsets"
 },
 {
   "Grouping": "prayer plants",
   "Scientific Name": "Maranta leuconeura",
   "Common Name": "Prayer Plant",
   "Light Needs": 2,
   "Water Needs": 3,
   "Humidity needs": 3,
   "Expected Size": 3,
   "Edible?": "no",
   "Pet safety": "non-toxic",
   "Sensitive to impurities in water?": "yes",
   "Growth habit": "vining, trailing, rhizome"
 },
 {
   "Grouping": "aroids",
   "Scientific Name": "Monstera deliciosa",
   "Common Name": "Monstera",
   "Light Needs": 2,
   "Water Needs": 2,
   "Humidity needs": 2,
   "Expected Size": 5,
   "Edible?": "yes",
   "Pet safety": "toxic",
   "Sensitive to impurities in water?": "",
   "Growth habit": "vining, offsets"
 },
 {
   "Grouping": "cacti",
   "Scientific Name": "Opuntia microdasys",
   "Common Name": "Bunny Ear Cactus",
   "Light Needs": 3,
   "Water Needs": 1,
   "Humidity needs": 1,
   "Expected Size": 3,
   "Edible?": "no",
   "Pet safety": "non-toxic, sharp",
   "Sensitive to impurities in water?": "",
   "Growth habit": "bushy"
 },
 {
   "Grouping": "",
   "Scientific Name": "Peperomia spp.",
   "Common Name": "Radiator Plant",
   "Light Needs": 1,
   "Water Needs": 3,
   "Humidity needs": 2,
   "Expected Size": 2,
   "Edible?": "some species",
   "Pet safety": "non-toxic",
   "Sensitive to impurities in water?": "",
   "Growth habit": "bushy"
 },
 {
   "Grouping": "orchids",
   "Scientific Name": "Phalaenopsis spp.",
   "Common Name": "Moth Orchid",
   "Light Needs": 1,
   "Water Needs": 3,
   "Humidity needs": 3,
   "Expected Size": 3,
   "Edible?": "yes",
   "Pet safety": "non-toxic",
   "Sensitive to impurities in water?": "",
   "Growth habit": "upright"
 },
 {
   "Grouping": "aroids",
   "Scientific Name": "Philodendron hederaceum",
   "Common Name": "Heart-leaf Philodendron",
   "Light Needs": 1,
   "Water Needs": 2,
   "Humidity needs": 2,
   "Expected Size": 3,
   "Edible?": "no",
   "Pet safety": "toxic",
   "Sensitive to impurities in water?": "",
   "Growth habit": "vining, trailing"
 },
 {
   "Grouping": "palms",
   "Scientific Name": "Ravenea rivularis",
   "Common Name": "Majesty Palm",
   "Light Needs": 3,
   "Water Needs": 3,
   "Humidity needs": 2,
   "Expected Size": 5,
   "Edible?": "no",
   "Pet safety": "non-toxic",
   "Sensitive to impurities in water?": "yes",
   "Growth habit": "upright"
 },
 {
   "Grouping": "succulents",
   "Scientific Name": "Sedum morganianum",
   "Common Name": "Burro's Tail",
   "Light Needs": 3,
   "Water Needs": 1,
   "Humidity needs": 2,
   "Expected Size": 3,
   "Edible?": "",
   "Pet safety": "non-toxic",
   "Sensitive to impurities in water?": "",
   "Growth habit": "trailing"
 },
 {
   "Grouping": "aroids",
   "Scientific Name": "Spathiphylum spp.",
   "Common Name": "Peace Lily",
   "Light Needs": 1,
   "Water Needs": 4,
   "Humidity needs": 2,
   "Expected Size": 4,
   "Edible?": "no",
   "Pet safety": "toxic",
   "Sensitive to impurities in water?": "yes",
   "Growth habit": "bushy, rhizome"
 },
 {
   "Grouping": "aroids",
   "Scientific Name": "Syngonium podophyllum",
   "Common Name": "Arrowhead Vine",
   "Light Needs": 2,
   "Water Needs": 3,
   "Humidity needs": 2,
   "Expected Size": 3,
   "Edible?": "no",
   "Pet safety": "toxic",
   "Sensitive to impurities in water?": "",
   "Growth habit": "vining, trailing, bushy"
 },
 {
   "Grouping": "aroids",
   "Scientific Name": "Zamioculcas zamiifolia",
   "Common Name": "ZZ Plant",
   "Light Needs": 1,
   "Water Needs": 1,
   "Humidity needs": 2,
   "Expected Size": 4,
   "Edible?": "no",
   "Pet safety": "toxic",
   "Sensitive to impurities in water?": "",
   "Growth habit": "bushy, rhizome"
 }
]